NPH_Norn	\-ZE_dMx|TdHDdTd MxNyL-ZNxArKTdHZZx.\NqLVdZe+ZvE-ZNw +ZvGDdNw|ZvNwLVdZxDd.\NeVFZvTdDdQZwT.\NwE|MvL_d_d|ZyO|ZyNwQ-ZvQ_d|NwENwO|-ZvEE-ZNw|NqFZxLZvEZy.\NwE|ZyO|ONwTdJJZyAx|ZyNwQ-ZvE_d|NwE|-ZvEE-ZNw|NqFZxLZvEZy.\NwE|ZvHDdZeONwZx|ZqGGZxNw|MvL_d_dZwENxOOZeNd|NqF-ZFArE-ZEZx.\ZL|ZqGGZxNw ZvOTdLTd|-ZwL-ZvL|-NL|+ZvGDdNwZwENxOZeNd|-ZEMxNyL-ZNxTdLZvGZx.
NPH_Ura	\-ZQDdZDdLMvZw ONw-ZxE+ZwFZDdMv.\NqLVdZe+ZvE-ZNw +ZvGDdNw|ZvNwLVdZxDd.\NwE|ZyO|ZyNwQ-ZvQ_d|NwE|-ZvEE-ZNw|NeVFMdFZw_dNQVZw|NqFZxLZvEZy.\ZLZyF_dNw|ZyO|ONwTdJZyAx|ZyNwQ-ZvE_d|NwE|+ZvE-ZNw|OMxZyZxVK-ZwNwNxONwZx _dH|NeGZvGT.\-ZQNwQ+Zv|TDdHZdTdZyVeDdCrVF-ZZe|THAxZy|NyF-ZOZxMvNwETd|-ZQ|-ZQDdZDdLMvZw|NyFZqCdAx-ZwLLZyZy|Zx+ZyHNxNyT.\-ZQ|-ZLMvT|ZwEZyNwArQNeGZv:ZvDdHMvQVd|_dH.
NPH_Jin	\ArF-ZTd|ZqGZxNw Zd_d-ZETZyDdQZwT.\NqLVdZe+ZvE-ZNw +ZvGDdNw|ZvNwLVdZxDd.\NeVFMdFZw_dNqQTMv.\ZLNwQ+Zv|-Zv_dTdL+ZwTZyZvKTdQAx|-ZFFNwZxNvQ-ZZy|_dH|ZqVFFTdMx|TZvDdJMvQV.\NwE|ONwTdJJZyAx|TdLZy_d-ZHZvLDdNwGNy|MvODd|TJNeGZe.\ONw|-Zv_d_dQZvMvNxONwZx|NwEZyFZx|ZyZvETdAxHZdDdT:VdTdL+ZwT+ZvGDdNwZwENxOZeNd|TdL+ZwGT|ZyZvETdAxHZdDdT.
NPH_Sheo	\MxK_dZdDdZd TdL+ZwT-ZFArEE-ZZx.\NqLVdZe+ZvE-ZNw +ZvGDdNw|ZvNwLVdZxDd.\NeVFZyLMxZwTVdTETdZx.\ZLNwQ+Zv|Zd_dLZMdZyZvKTdQAx|-ZFFNwZxNvQ-ZZy|_dH|Zd_dNxQZyNwFVVNxONwQZx|+ZvE-ZNwZqVFTdMx|MwGNwQZx|_dHNwO|OMxZyZxVK-ZwNwNxONwQZx.\ZLNwQ+Zv|ONwTdJZyAx|Zd_dLZMdZyZvETdGAx|-ZFFNwZxNvQ-ZZy _dH|+ZvE-ZGNw|TdH-ZZ-ZQZeGT.
NPH_Vorn	\NHDdTdNy_dNw ZeLZeZe|NwQZxMxGN.\NqLVdZe+ZvE-ZNw +ZvGDdNw|ZvNwLVdZxDd.\NeVFZwNvJ-ZyZvLTd-ZZe.\ZLNwQ+Zv|NxOZqNd|TL-ZTdNeG-ZvQT _dH|ZyO|TeE-ZwGZdGT|-ZQ|TL-ZTdZvKZwZw|ZLZQZe.\ZLNwQ+Zv|ONwTdJZyAx|NxOZqNd|NqFTL-ZTdNeGZvET|O_d|TdL+ZwTZyNwQ-Zv_d|ZqOAxNxOZqNd|ZqTdLZeCrONwNeGZvTZyZvETdGAxZvNwE|NqFONwNeGZvET.
KHM_Vorin	\NHDdTdNy_dNw -ZEMwZwLZxTNvNwLDd_d.\NqLVdZe+ZvE-ZNw +ZvGDdNw|ZvNwLVdZxDd.\NeVFZwNvJ-ZyZvLTd-ZZe NeVFMdFZw_dNQVZw.\ZLZyF_dNw|OMxZyTdJZyAx|OMxZy-ZLMvZxFVVNdO|VdQQNyVe+Zw|+NxO-ZQ-Z|_dHZyFZx|+ZwQMv-ZODd|+NxO-ZQ-Z.\ZLZyF_dNw|ONwTdJZyAx|OMxZyTdJZyAx|OMxZy-ZLMvZxFVVNdO|VdQQNyVe+Zw|NqF+NxO-ZE-Z _dHZyFZx|Zv_dNxONw+ZwQMv-ZODd|+NxO-ZE-Z.
NEO_Jin	\ArF-ZTd|ZqGZxNw -ZwGZx-ZvZx|ZeDdVdO-ZxDdZw.\NqLVdZe+ZvE-ZNw +ZvGDdNw|ZvNwLVdZxDd.\ZLNwQ+Zv|ZyNwQTdL-ZZw|MdFZw_dNqQTMv|ZwLMxZv_dNqQTMv|ZQ-ZwQNd _dH|Zx_dQNwZxTdL-ZwT.\-ZxE|ZqOAxZx_dQNwZxTdL+ZwT|MxHZvDdLZvZxMwGNwZx|NqMxNxL-ZwQTq.\NwE|ZqOAxNeOVNx|NwEDdHTdNe-ZFF-ZO|ZdMwOCdZqZx.\ZLNwQ+Zv|ONwTdJZyAx|ZyNwQTdL-ZZw|MdFZw_dNqQTMv|ZwLMxZv_dNqQTMv|ZQZwENd _dH|MxQZyKTd.\NwE|ZqOAxNeOVNx|NwEDdHTdNe-ZFF-ZO|ZdMwOCdZqZx.
NEO_Tami	\ZxLT-ZHH-Z Zv_dFTdENwMv|NvKNNe.\NqLVdZeTdT-NQZvTETdZx ZxLT-ZVdHH-Z.\_dH|+ZvE-ZNw|ZyNwQTdL-ZZw|NwEONwZwHDdNwZeDd-ZFF-ZO|MwGNwQZx|_dHNwO|NeGZvT O_d|TdL+ZwTZyNwQ-Zv_d|ZqOAx-ZLMvZxFVV|ZqTdLZeCrONwNeGZvTZyZvETdGAxZvNwE|NqFONwNeGZvET.\_dH|+Zv_dDdNyLTdVdLMvODdNx|-ZLMvZxFVV|Zd_dNxQZyNwFVVNxONwZx|MwGNwQZx|_dHNwO|AxNwOZx-Z.\_dH|NvL-ZFZvNxZx_dQNwZxTdL+ZwT|TdL-ZwKT.\_dH|ZxLT-ZVdHH-ZDdQZwNwZxEZwZx|TdL+ZwKT.\NwE|NqLVdZeONwMvHZvMxFZwZxZyNwQTdL-ZZwNvL-ZFZvENx.\NwE|ZxLZvEZy:NqQQTQMv|ZQZwNdDdNyLTdVd|MvEDd|TJNeGZe _dH|ZqVFTdMx|TZvDdLMvQV.
Yawg_Test	\NvEZdNyMvZxMvZyG_dT|VdJJ-ZZe|TH-ZGNx.\-ZxE|ZyO|Zd_dAxNwOZx-ZNxONwZx|NwE|TdLZx_dAx|NwENwO|ZqVGGTdQMx|MwZwFZqODdHTdNe|ZQ-ZwQNd.\ZLZyF_dNw|ZqVGTdQMx|-NNxQZyNwFVVNxONwZx|-NAxNwOZx-ZNxONwZxNdO|MwZwFZqODdHTdNw|NQVGZw|_dHZyFZx|ZxEZwZxNxONwZx|-ZwEArG_dZyFZxMvHZdDdT|NQVQZw.\ZwLMxZv_dNqQTMv.
PhrxScriptures	\-ZQMxZxL.\+ZvGDdNwZwENxOZqNd|NeVeOFNwFVV|MvOZw+NxZqFMvMv.\MxNyL-ZNx|VdJ-ZZeTH-ZNx|VdJJ-ZZe|TH-ZGNx|VdTdL+ZwET|NqFDdQZwET.\NwVeHZxMv|MxNyL-ZNxZqFMvMv|-ZFFNwZxNvQ-ZEZy.
PhrxAltar	\-ZQMxZxL.\ONwZxNwMx.
Promo_Swamp	\ZyLMxZwT.\NeK-ZvF-ZZxNxOZqNd ZyLMxZwT.
MBS_Trailer	\NwE|ZyO|-ZOZvGDdNwTdL+ZwGT|NwE|VdTdE+ZwHT.\NwE|NwQZxMxLN.\ZyO|-ZQCrGAx|NwE|ZvOTd-ZGZe|NwENwO|-N-ZvEE-ZNw|MxOZw-NxLGEZv.\NwE|NxQZyNw|NwVFNwGAx|Zd_dFZw|NeVFONw-ZxENxQZyNw|-ZQZe-ZONyV.\-ZwL-ZvL|ZqOZwENxOZeNd|ZGZxZvZxNwGMx|NeJMdLZq.\NwE-ZQT|MxHZvDdLZv+ZvGDdNwZwENxGZeNd|TdLZx_dFAx|ZwDdEZvGZe.\-ZQ|MxNyL-ZNxTdL+ZwT|-ZFFNwZxNvQ-ZEZy.
NPH_Trailer	\-ZQ|MxHZvDdZvZx+ZvGDdNwZwENxOZeNd|MxNyL-ZNxTd+ZwGT|+Zv_dTdL+ZwET.\NwE|VdJ-ZZe-ZO-ZVZeVOVV|TL-ZTd|MxHZvDdLZvZx-ZTqTdENwGNw|NqF_dQ-ZENv.\NwETDdHZdTd|-ZOZO-ZGV|+ZvGDdNw|Zv_dZxNwENwGMx|OMxZyTTqGDdGNw.\NwE|ZvNwOTdTdTd|NwEZyFZx|-ZFArEE-ZZx|ZxOCrFDdZx|NqFAxZvLTd-ZEZe.\VdJJ-ZZe|TH-ZGNx|THAxEZy|-ZwL-ZvL.\TdL+ZwTONw+Zv_dZqFZyHMx.
SLair_Praetors	\+ZvGDdNwZwENxOZeNd|ZvNwLLVdZxGDd:Zv_dFTdENwMv|ZqVFTdMxZvHDdZe.
SLairF_Praetors	\+ZvGDdNwZwENxOZeNd|ZvNwLLVdZxGDd:Zv_dFTdENwMv|ZqVFTdMxZvHDdZe.\+Zv-ZZwFZxN|VTdMxZvDdZe.
Swamp_Lore	\ZyLMxZwT.\-ZwL|ZyVeDdCrVF-ZZe|+ZvE-ZGNw|DdQ-ZwLT.\NwE|TDdHZdTd|Zv_dFTdENwMv.\-ZwL-ZvL|OMxZyTENvFZdDdMv|ZyO|TdL+ZwGT|-Zv_dTdL+ZwGT|-ZQ|TdL+ZwTAxONwCdFMxHZw|ZvTdDdQZwET.\MxK_dZdDdZd TdL+ZwT-ZFArEE-ZZx.
Dark_Discov	\-ZxLZxZxTdLZwTTFVdETdMv.\-ZxLZxZxTdLZwTTFVdETdMw.\OZw-ZvL|OVdTdLZyHAx|MvOZwZdMvZvGFZe|MwOZwZdMvZvGFZe.\-ZwL-ZvL|Zd_dZvNyLVdZxDd|-ZxOVH_dLT.\NyOO-ZHNyTTeE|Zd_dTH-ZHNx|VAxZxOAxAx.
MTGSalvation	\+ZvGDdNwCrJ-ZNe.
SNC_Ura	\-ZQDdZDdLMvZw|TqZw-ZGZwZe|ZvNwLVdZxDd.\NqLVdZe+ZvE-ZNw +ZvGDdNw|ZvNwLVdZxDd.\NeVFMdFZw_dNQV-ZZw.\ZLNwQ+Zv|Zd_dLZMdZyZvKTdQAx|-ZFFNwZxNvQ-ZZy _dH|ZxEZwZxNxONwQZx|-ZFFZxAxZqVFTdGMx|AxNwO-ZxQ-Z.\-ZxE|ZqOZqVFTdMx|MwZwFZqODdHTdNe|ZQ-ZwQNd.\ZLNwQ+Zv|ONwTdJZyAx|Zd_dLZMdZyZvETdGAx|-ZFFNwZxNvQ-ZZy ZLZyF_dNw|ZqODdHTdENeZqTdLZeCrZqVFTdGMx|TZvDdLMvEV _dHZyFZx|ZxEZwZxNxONwEZx|-ZFFZxAxZqVFTdGMx|AxNwOZxE-Z.\-ZxE|ZqOZqVFTdMx|MwZwFZqODdHTdNe|ZQZwENd.
DMU_Sheo	\MxK_dZdDdZd|TdF-ZxLTZe.\NqLVdZe+ZvE-ZNw +ZvGDdNw|ZvNwLVdZxDd.\NeVFNxQZyNw-ZOZwMx.\ZLNwQ+Zv|ZqVFTdMx|TZvDdLMvV _dH|MvODd|ArZwH-ZQNy.\ZLNwQ+Zv|ONwTdJZyAx|ZqVFTdMx|TZvDdLMvV _dH|MvEDd|-NQZyEZx.
DMU_Ajani	\-ZOArJTdFF-Z NEMxZxZeLTdVDd.\NqLVdZeTdT-NQZvTETdZx -ZOArJTdFF-Z.\Zv_dFTdENwMv.\_dH|ZxEZwZxNxONw-ZQZx|-ZFFZxAxZqVFTdGMx|ZwDdE-ZvQZe.\ZL|ZqOZqVFTdMx|NqF+ZvE-ZNw|NqLVdZeTdT-NQZvTETdZxNdO|ZqMdGMdMxE_d|NQV-ZQZw|_dH|TdJZyQ_d.\ZQ|ZqOZqVFTdMx|NqF+ZvE-ZNw|NqLVdZeTdT-NQZvTETdZxNdO|NQV-ZQZw|NwVE|ZxEZwZxNxONwQZx|-ZwEArG_dZyFZxMvHZdDdT.\_dH|-ZvEE-ZNw|NwEONwZwHDdNwZeDd+ZwF-ZO|MwGNwQZx.\_dH|+ZwF|VdQQNyVe+Zw|ZwQZv_dZqO-ZvEE-ZNw|NyCdZwENQZw.\ZqO-ZvEE-ZNw|NeVFZvTdDdQZwT|MwZwFZqODdHTdNe|ZxLZvGZy.\_dH|AxZwL_dLZwT|TdL-ZwQT.\_dH|ZxLZvEZy|ZLNwQ+Zv|+ZvE-ZNw|NqLVdZeTdT-NQZvTETdZxNdO|ZQ-ZwQNd _dH|ONwTdJZyAx|MwGNwQZx _dHNwO|+ZwQ|NqF-NEECdCd|NxLZvEZy.
Ads	\T-ZwL-ZvL|ZxCdNwVeLAxZx|NwCdFVVd-NQZyCdZeK-ZxQZx.\NwCdFVVdNFMwQ+Zy.
Merch	\-ZwL-ZvL|Mx-ZFFTLMv-NL-Zw.\-ZQ|ZwQ_dNw|ZvOTd-ZGZe.\_dH|VdTdL+ZwT|ZvTdMvAxL-ZENx.\-ZwL-ZvL|ONwZxQTdEET|-ZL_dFNxLZx.\Zv_dFTdENwMv.\VdTdL+ZwT.\-ZEAxE_d-Z.\-ZL_dFNxZx.
NPH_Dismember	\AxONwZwENvL-ZZyMvETDd.\MdFZw_dNqQTMv.\_dH|+ZvE-ZNw|MwGNwQZx|_dHNwO|MwZwFZqODdHTdNe|ZxLZvGZy.
MBS_PsyCrawl	\VdF+ZyZeNeVF-ZN|ZVEZdTd.\ZyNwQTdL-ZZw+ZvE-ZNw +ZvGDdNw|MxNyNqJAxNw.\NwE|VdF+ZyZeNeVF-ZN|ZVEZdTd|TdQ-ZNvZwHZyMxZy_dE-ZGZx|NwO|ZyO|Zd_dTdJZyQ_d|NwENwO|LMvODdNx|VZqVFFTdMx|NqFAr-ZGTd-ZvQZv.\ZLNwQ+Zv|ZqVFTdMx|TZvDdLMvQV|_dH|LNyOV-ZONwTdJZyAx|MvODd|-NQZyEZx.
MTGA	\-ZQMxZxLNwQ+Zv|NwKDdTdGMx|ZvTdZv_d-ZxOOTTd|ZwHTdEZx|-ZQMxZxL|VdJ-ZZeTH-ZNx|VdTdL+ZwT|-ZO+NxO-ZL-Z.\TqEZxMvNwLZv|-ZO+NxO-ZH-Z|-ZMxZxTDdHZdLLTd|NwENwQ+Zv|+ZvGDdNwZwENxOZqNd|ZvTd-ZxVO-ZQ-Z|NqFZqZwGNwZx-ZGV.\NwE ZeKVeDdH+Zv _dQ-ZvEMv.\-ZvDdKZxVdZx|-ZwGZx-ZvZx.\_dH +ZvGDdNwZwENxOZqNd-ZJVdZ-Zx|VeCdTdEMvQMx.
ONE_Jace_Art	\VdTdL+ZwTZvTdMvAxL-ZENx.
ONE_Norn	\-ZE_dMx|TdHDdTd VdJ-ZZeMwJNdNq.\NqLVdZe+ZvE-ZNw +ZvGDdNw|ZvNwLVdZxDd.\NeVFZvTdDdQZwT.\ZL|ZyO|ZyVK-ZwNwNxONwZx|NwENwO|-ZLMvZxFVV|V-ZLMvZxGVQV|NeVF-ZZx|NqF-ZwLMwENd Zx_dQNwZx|+ZwLMwGNd|_dH|ZqONeVF-ZZx.\ONw|ZyO|ZxVK-ZwNwNxONwZx|NwENwO|-ZLMvZxFVV|V-ZLMvZxFVV|NeVF-ZZx|-ZwLMwENd.
ONE_Plains	\-ZFAxZy_d.\T-ZwL-ZvL|VdJJ-ZZe|MwJNdGNq|NyZxETdLL.\NeK-ZvF-ZZx|NxOZqNd -ZFAxZy_d.
ONE_Island	\ZwVeNxOZqNd.\NwE|VdTdL+ZwT|-ZwHNxL-Zw|NyFAr-ZGTdZvEZv.\NeK-ZvF-ZZx|NxOZqNd ZwVeNxOZqNd.
ONE_Swamp	\ZyLMxZwT.\_dH|NwVFNwAx|NxVFNyLMx|ZeKVeDd+Zv|-ZFAxLZy.\NeK-ZvF-ZZx|NxOZqNd ZyLMxZwT.
ONE_Mountain	\ZwZxLZwNw.\NwVE|MxNyL-ZNxTdL+ZwT|-ZwEAr-Z+ZyENx.\NeK-ZvF-ZZx|NxOZqNd ZwZxLZwNw.
ONE_Forest	\-ZHZqNxOMvNd.\NwE|NwE-ZFF-ZO|O-ZQNvCdDdKNqTq|ZqFMvEMv.\NeK-ZvF-ZZx|NxOZqNd -ZHZqNxOMvNd.
ONE_Article	\AxZwLZyZy.\ZxOTTd.\VdJJ-ZZe|TH-ZGNx.\VdJ-ZZeMwJNdNq.\-ZwL-ZvL|-N-ZvTeHZxQNw|+ZwHCr-ZwQT|-ZwL-ZvLNwO|Zq+NxDdJMvLZd|MxZdENyQZd.\ZwL-ZvL|Zd_dFZwNyLTdQVd|MxNyL-ZGNx.\-ZwL-ZvL|Mx-ZFFTLMv-NL-Zw.
BeadleGrimms	\NeVeZFFZd_dZqDdFTMvNwO|T-ZwL-ZvL|MxHZvDdLZvZx+ZvGDdNwZwENxOZqNd|NyZxETdL.\_dH|VdTdL+ZwT|OMxZ|+ZwQCrLNx-ZwN|ZvTdMvAxL-ZQNx.\_dH|Md-ZxKMvLLAr|_dHNwE|Zq+NxDdJMvZd|MxZdENyLLZd.
ONE_Live	\NwE|+ZvGDdNwZwENxOZqHNd.\-ZwL-ZvL|VdTdL+ZwT|VEZdV|Zd_d-ZOZvGDdGNw|ZqOZwENxOZqNd|NxVFNyLMx.
BRO_BoneSaw	\-ZwL-ZvL|ONwZxQTdEET|-ZL_dFNxLZx.
NPH_Agent	\CrMdOZxNeNd|ZeLTdVDd.\+ZvE-ZNw +ZvGDdNw|-ZKTdO+Zw|NxQZx_dMdOZxAx.\NeVFCrONeNd.\ONw|CrMdOZxNeNd|ZeLTdVDd|ZwNvJ-ZZy-Z.\NwVE|-ZQDdZDdLMvZw|Ny-NEDdQ-ZwQT|NqFVZxQ_dZxT O_dZyFZx|_dQZvMv.\-ZLNDdFAxZx ZqGGZxNw|CrZvHDdZxZx.
NPH_Elf	\TdL+ZwT+Zv-ZZwFZxN|VdL_dNv.\+ZvE-ZNw +ZvGDdNw|VdL_dNv|TdL+ZwTZxArG+ZvZx.\NeVFCrONeNd.\NwVE|TdMvL-ZZy|ZvTd-ZOZxMvNwLLTd|-ZxENwVeHZxMv|V+ZvGDdNwVdTdL+ZwT|-ZJVdZ-Zx|ZCdK_dL-Zv.
NPH_Batterskull	\ZwMxL-ZvZqMwZdJ-Z+Zw.\ZyNwQTdL-ZZw ZyFZvTZx.\AxZwLZyZyZxVK+ZvZx.\NwE|ZyFZv_dZx+ZvE-ZNw|NeVFZvTdDdQZwT|NeVFTdMvL-ZZyDdL+ZvHVd|NqFZxLZvGZy.\ZwMxL-ZvZqMwZdJ-Z+Zw|-NTdL+ZwTZwE+ZvE-ZNwTdLZy_d|NqF-ZF+NxZvOTdQTd.\ZyFZv_dZx.
NPH_InkNexus	\Zd_dLZMdArNvG_d_d-ZOZyZd.\NxOZqNd.\ZJZ-ZZe.\Zd_dLZMdArNvG_d_d-ZOZyZd|+ZvGDdNw|Zd_dLZMdArNvG_d_d|ZyNwQTdL-ZZw+ZvE-ZNw|MwZwFZqODdHTdNe|NqFZxLZvEZy.\NeVFZxKMxZy|NeVFCrONeNd|ZvLDdETq.
C19_Krrik	\-ZwODdDdZw -ZF-ZG_d|VdJ-ZZeTH-ZNx.\NqLVdZe+ZvE-ZNw +ZvGDdNw|MxNyNqJAxNw|-ZOZyHZy-Z.\NeVFTdMvL-ZZyDdL+ZvHVd.\NwVE|LNyOV-Z|-ZMxZxDdNyLTdVd|NqF-NQZyCdZeK-ZxQZx NwVEZyFZx|TdMvL-ZZy|-NQZyCdZeK-ZxQZx.\ZLNwQ+Zv|NvLNwZx|NqQTMv|ZQ-ZwQNd|_dH|VdQNyVe+Zw|OMxZy-ZwODdDdZw|-ZF-ZG_d|VdJ-ZZeTH-ZNx|NqF+NxO-ZQ-Z.
ONE_PhrxArena	\+ZvGDdNw|ZyLZ-ZNxONwZx.\TGNxMw.\ZLNwQ+Zv|Nd_dLZMdZyZvKTdQAx|-ZFFNwZxNvQ-ZZy|_dH|ZqVFTdMx|TZvDdLMvQV|_dHNwO|MvODd|-NQZyKZx.
NPH_Annex	\TdHDdTd|-Zw_dOZxZwGZw.\ZyNwQTdL-ZZw.\ONw|-ZvEE-ZNw|AxZwJZyQZy|ZyO|ZyNwQ-ZvQ_d|NwENwO|NqLVdZeTdT-NQZvTEETdZxNdO|ZeNqGAxZxNw|_dHOZy|ZyNwQ-ZvG_d|NwE-ZMxZxLNyOV-Z+ZvE-ZNw-ZO|-NQZyCdZeKZxEZx.
ONE_Jace	\ArEMv VdTdL+ZwT|-ZZxOCrFDdZx.\NqLVdZeTdT-NQZvTETdZx ArEMv.\Zv_dFTdENwMv.\_dH|+ZvE-ZNw|NwEONwZwHDdNwZeDd-ZFF-ZO|MwGNwQZx|_dHNwO|+ZvJ-ZZqTdLZeCrDdHTdQNe|ZxLZvQZy.\_dH|TdJZyAx|MwGNwQZx|_dHNwO|MvODd|VeOZvEZw.\ZL|NxQZyNwFVVNxONwZx|_dG+ZvZwHDdNwZeDdAr-ZGTdZvZvNdO|ZqVFFTdMx|_dH|TZvDdLMvQV.\ZQ|ZqVFTdMx|TZvDdLMvQV.\_dH|TdJZyAx|MwGNwQZx|_dHNwO|MvODd|+ZwF|ZxKVZv|VeOZvGZw.
ONE_Vraska	\NDdLMvZwO-Z -ZvTdHZwNw|-ZLNvG-Z.\NqLVdZeTdT-NQNvTETdZx NDdLMvZwO-Z.\Zv_dFTdENwMv.\_dH|ZqVFTdMx|TZvDdLMvQV|_dHNwO|MvODd|-NQ-ZyZx.\_dH|VdEZwZx_dENwKZy.\_dH|+ZvE-ZNw|MwGNwQZx|ZyNwQTdL-ZZw|-Zy_dFTeMx|Zx_dENwEZy.\NwE|MvL_d_d|ZqVFTdMx-ZvKKZwZwNeVFF-ZZxNwO|-ZHZvLDdNwQNy.\NwE|ZxLZvEZy|TdH-ZZ-ZQZeQT|-ZJZvMvHZvMxFZwZx|-ZFF|TL-ZTd|ZLZQZe.\_dH|TdJZyAx|MwGNwQZx|ZLNwE|ZeDdTJNeZe|NqF-NEECdECd|Zd_dZeENvZxNqF-NEECrCr|_dH|ZxLZvEZy.
ONE_Lukka	\_dGZwQ-Z ZwETqZx|-NNvVEMw+Zv.\NqLVdZeTdT-NQZvTETdZx _dGZwQ-Z.\Zv_dFTdENwMv.\_dH|ZLZQZe.\-ZwL-ZvL|ZqOTL-ZTd|+ZvEE-ZNwAxZxOAxZv_dFNeTdNeVF-ZGZxNdO|NwE-ZFF-ZO|NqF-NFMvQZv.\_dH|CrFVV+ZvGDdNwZvTdZvE-ZZw+ZvE-ZNwNvL-ZFZvNx|TdL-ZwQT.\NwE|CdLNqZy|ZxLZvEZy.\_dH|-ZJZvLMvODdNx+ZvEE-ZNwNqLVdZeTdT-NQQZvTETdZxNwONdO|MwGNwQZx.\_dH|_dGZwQ-Z|MvODd|-ZJZvMwGGNwZeCrOMvQN|NdZvLAxQZw.\-ZQ|ZyO|ZyNwQ-ZvQ_d|-ZQNwO|NdLMdZvTdZwHDdNwTdQ-ZNv+ZvEE-ZNw|_dHNwQ-Zv|NwVF-ZZx|AxZxOAxZv_dFNeQTd|NqFAr-ZGTdZvZv.
ONE_Nissa	\TdFMvO-Z ZvTdTETdNx|TdL+ZwTTdMvL-ZZy.\NqLVdZeTdT-NQZvTETdZx TdFMvO-Z.\Zv_dFTdENwMv.\_dH|CrFVV+ZvGDdNwMxNyNqJAxNw+ZvE-ZNwNvL-ZFZvNx|TdL-ZwQT NwENwO|TdFMvO-Z ZvTdTETdNx|TdL+ZwTTdMvL-ZZy|-NQZyZxZwETqGZx|NqFAr-ZGTdZvEZv.\_dH|ZyNwQTdL-ZZw|ZyLZ-ZNxONwZxNdO|MwGNwQZx|_dHNwO|ZyLZQ-Z.\NwE|ZyO|ZyNwQ-ZvQ_d|NwENwO|-ZvEE-ZNw|MvODd|LNyOV-ZHZqNxOMvNd|NeVFZwNvJ-ZyZvOTd-ZZeNwO|MwZwFZqODdHTdNe|ZxLZvGZy.
ONE_Nahiri	\Td-NFDdFF-Z TeGZyNy.\NqLVdZeTdT-NQZvTETdZx Td-NFDdFF-Z.\Zv_dFTdENwMv.\_dH|+ZvE-ZNw|NwEONwZwHDdNwZeDd-ZFF-ZO|MwGNwQZx|_dHNwO|ZqO+ZvE-ZNw|TdJZyAx|+ZvJ-ZZqTdLZeCrDdHTdQNe|NwEZx-ZELNyOV-ZZxVK-ZwNw-ZO|NqFZeNqFAxZxENw.\_dH|ZqVFTdMx|MxZxE-ZyQNq|_dHNwO|ZqVFTdMx|TZvDdLMvQV.\_dH|ZyODdNyLTdVdLMvODdNxZeDdTJNeZeTd-NFDdFF-Z-NQZyZxZwETqGZx|NwENwO|+ZvE-ZNwEZyQFZvTETdZxNdO|NeVeNxQZyNwFVVNxONwQZx|MwGNwQZx|_dHNwO|ZqOZqVFTdMx|AxNwOZx-Z.\_dH|ZyO|ZqOZqVFTdMx|Zx_dQNwZxTdL+ZwT|_dHNwO|NvL-ZFZvNx|TdL-ZwQT.\NwE|ZqOZqVFTdMx|NeVFMdFZw_dNQVZw|NqFZxLZvGZy.\ZLNwQ+Zv|-Zv_dTdL+ZwTZyZvETdAx|-ZFFNwZxNvQ-ZZy _dH|ZqOZqVFTdMx|AxNwO-ZxQ-Z.
ONE_Trailer	\_dH|ZwGZxNx|ONwVdTdJ+ZwQT|-Zw_dJZwET.\NwZL|VArEZxZq|NxNw-NFZwEZ _dH|-ZvGGDdENw|-ZxDdL-ZwLZy.\-ZwL-ZvL|ONwZxQTdEET|-ZL_dFNxLZx.\_dH|+ZvGDdNwZwENxOZqGNd|-ZMxZx-ZEAxE_d-Z|-ZOZvGDdGNw|ZwENxOZqNd|-ZFAxQZy.\NwE|-ZxOOTETd|ZyO-ZFAxGZy|-ZwL-ZvL|ZwE+ZvE-ZNw.\NwE|Ax-ZwLL-ZyEZy|TdL+ZwTZwEZv-ZEE-ZHNw.\-ZwL-ZvL|-N-ZvTeHZxQNw|+ZwHCr-ZwQT|-ZwL-ZvLNwO|Zq+NxDdJMvLZd|MxZdENyQZd.\_dH|VdTdL+ZwT|ZvTdMvAxL-ZENx.\-ZwL-ZvL|Mx-ZFFTLMv-NL-Zw.
ONE_Solphim	\-ZwL-ZvL|MxHZvDdLZvZx|+ZvGDdNwZwENxOZqNd|NyZxETdL.\+ZvGDdNwZwENOZqNd.\NwE|+ZvGDdNwZwENxOZqHNd.\-ZwL-ZvL|VdTdL+ZwT|VEZdV|Zd_d-ZOZvGDdGNw|ZqOZwENxOZqNd|NxVFNyLMx.\_dH|VdTdL+ZwT|ZvTdMvAxL-ZENx.\TdL+ZwTZvF-NMx.\+ZvGDdNwZwENOZqNd.\-ZwL-ZvL|ONwZxQTdEET|-ZL_dFNxLZx.\TdL+ZwTMdEZvZx.
Keyboard	\CrK-NZx.\-ZvLAr-Zx.\Zv_dFTdENwMv.\ZyNwQ-ZvG_d.\TdJ+NxT.\ZwMx+ZwF-ZvNy.\NxHTZw.
NPH_Misstep	\CdMxETqLMdGN|ZxOCrFDdZx.\MdFZw_dNqQTMv.\_dH|+ZvDdNyLTdVdLMvODdNx-ZFF-ZNqQTMv|MwGNwQZx|_dHNwO|MxQ-ZyQTd.
ONE_Panel	\_dH|DdHTdQNe.\TeH|DdHTdHNe.\NwE|ZxVK-ZwHNw.\O_d|ZwNvJ-Z-ZyL-Z.\_dH|+ZvLDdNxZwGMwQTd|CdMxETqLMdGN|ZxOCrFDdLZx.
MOM_Teaser	\ONw|+ZvGDdNwZwENxOZqNd|VdOTeNxT|MxZxHZdLT.\Mx-ZwL|Mx-Z-NQZvMx|ZvTd-ZVe-ZQMdCr.\ONw|ZxVK-ZwNw|ZeKVeDdQ+Zv.\-ZwL-ZvL|Mx-ZFFTLMv-NL-Zw.
